<annotation>
	<folder>crop</folder>
	<filename>IMG_6438-crop.png</filename>
	<path>12063.1000_crop_072.xml</path>
	<source>
		<database>Unknown</database>
	</source>
	<size>
		<width>150</width>
		<height>150</height>
		<depth>3</depth>
	</size>
	<segmented>0</segmented>
	<object>
		<name>12063</name>
		<pose>Unspecified</pose>
		<truncated>0</truncated>
		<difficult>0</difficult>
		<bndbox>
			<xmin>63</xmin>
			<ymin>35</ymin>
			<xmax>93</xmax>
			<ymax>120</ymax>
		</bndbox>
	</object>
</annotation>
