<annotation>
	<folder>crop</folder>
	<filename>IMG_6368-crop.png</filename>
	<path>12063.1000_crop_035.xml</path>
	<source>
		<database>Unknown</database>
	</source>
	<size>
		<width>150</width>
		<height>150</height>
		<depth>3</depth>
	</size>
	<segmented>0</segmented>
	<object>
		<name>12063</name>
		<pose>Unspecified</pose>
		<truncated>0</truncated>
		<difficult>0</difficult>
		<bndbox>
			<xmin>34</xmin>
			<ymin>30</ymin>
			<xmax>116</xmax>
			<ymax>133</ymax>
		</bndbox>
	</object>
</annotation>
