<annotation>
	<folder>crop</folder>
	<filename>IMG_6364-crop.png</filename>
	<path>12063.1000_black_031.xml</path>
	<source>
		<database>Unknown</database>
	</source>
	<size>
		<width>150</width>
		<height>150</height>
		<depth>3</depth>
	</size>
	<segmented>0</segmented>
	<object>
		<name>12063</name>
		<pose>Unspecified</pose>
		<truncated>0</truncated>
		<difficult>0</difficult>
		<bndbox>
			<xmin>52</xmin>
			<ymin>27</ymin>
			<xmax>108</xmax>
			<ymax>135</ymax>
		</bndbox>
	</object>
</annotation>
