<annotation>
	<folder>crop</folder>
	<filename>IMG_6357-crop.png</filename>
	<path>12063.1000_black_024.xml</path>
	<source>
		<database>Unknown</database>
	</source>
	<size>
		<width>150</width>
		<height>150</height>
		<depth>3</depth>
	</size>
	<segmented>0</segmented>
	<object>
		<name>12063</name>
		<pose>Unspecified</pose>
		<truncated>1</truncated>
		<difficult>0</difficult>
		<bndbox>
			<xmin>50</xmin>
			<ymin>1</ymin>
			<xmax>101</xmax>
			<ymax>150</ymax>
		</bndbox>
	</object>
</annotation>
