<annotation>
	<folder>17159.제스부틴정_crop_65</folder>
	<filename>17159.제스부틴정_crop_063.png</filename>
	<path>17159._black_063.xml</path>
	<source>
		<database>Unknown</database>
	</source>
	<size>
		<width>150</width>
		<height>150</height>
		<depth>3</depth>
	</size>
	<segmented>0</segmented>
	<object>
		<name>17159</name>
		<pose>Unspecified</pose>
		<truncated>0</truncated>
		<difficult>0</difficult>
		<bndbox>
			<xmin>45</xmin>
			<ymin>40</ymin>
			<xmax>130</xmax>
			<ymax>108</ymax>
		</bndbox>
	</object>
</annotation>
