<annotation>
	<folder>crop</folder>
	<filename>IMG_4511-crop.png</filename>
	<path>17159._black_029.xml</path>
	<source>
		<database>Unknown</database>
	</source>
	<size>
		<width>150</width>
		<height>150</height>
		<depth>3</depth>
	</size>
	<segmented>0</segmented>
	<object>
		<name>17159</name>
		<pose>Unspecified</pose>
		<truncated>0</truncated>
		<difficult>0</difficult>
		<bndbox>
			<xmin>47</xmin>
			<ymin>46</ymin>
			<xmax>108</xmax>
			<ymax>91</ymax>
		</bndbox>
	</object>
</annotation>
