<annotation>
	<folder>crop</folder>
	<filename>IMG_4516-crop.png</filename>
	<path>17159._black_034.xml</path>
	<source>
		<database>Unknown</database>
	</source>
	<size>
		<width>150</width>
		<height>150</height>
		<depth>3</depth>
	</size>
	<segmented>0</segmented>
	<object>
		<name>17159</name>
		<pose>Unspecified</pose>
		<truncated>0</truncated>
		<difficult>0</difficult>
		<bndbox>
			<xmin>42</xmin>
			<ymin>47</ymin>
			<xmax>111</xmax>
			<ymax>100</ymax>
		</bndbox>
	</object>
</annotation>
